plantId,name_kr,name_en,grade,rarity,description,image_front,image_back,habitat,ecological_value,threats,synergy_ids,X,Y
cypripedium_japonicum,±§∏™ø‰∞≠≤…,Cypripedium japonicum,1,Special,"Known as the Korean Lady's Slipper, this iconic orchid features unique pouch-like pinkish flowers. It is one of Korea's most critically endangered terrestrial orchids, representing the fragile beauty of deep mountain ecosystems.",https://storage.googleapis.com/ecogo-pjt.firebasestorage.app/plants/front/cypripedium_japonicum_front.png,https://storage.googleapis.com/ecogo-pjt.firebasestorage.app/plants/back/cypripedium_japonicum_back.png,"Found in deep, humus-rich soil within shaded mountain valleys, typically at altitudes between 450m and 990m. It thrives under a deciduous forest canopy with specific light levels (canopy openness around 18%) and depends on a symbiotic relationship with mycorrhizal fungi like Lycoperdon nigrescens for nutrient absorption.","Acts as a biological indicator for healthy, undisturbed forest soils and complex fungal networks. Its presence signifies a mature and stable ecosystem with high micro-organism diversity.","Extremely vulnerable to illegal poaching due to its high ornamental value. Additionally, its inability to easily propagate artificially and its sensitivity to climate-induced changes in soil humidity make natural recovery very slow.","[""orchid_masters""]",37.473173,126.920908
gastrochilus_fuscopunctatus,±ð¿⁄∂ı,Gastrochilus fuscopunctatus,1,Special,"A tiny, exquisite epiphytic orchid endemic to Jeju Island. It is characterized by its small, yellowish-green flowers with distinctive brownish spots, growing silently on the bark of aged trees.",https://storage.googleapis.com/ecogo-pjt.firebasestorage.app/plants/front/gastrochilus_fuscopunctatus_front.png,https://storage.googleapis.com/ecogo-pjt.firebasestorage.app/plants/back/gastrochilus_fuscopunctatus_back.png,"Strictly limited to the evergreen broadleaf forests of Jeju Island. It grows as an epiphyte on the trunks and branches of old host trees in high-humidity environments, often near valleys or streams where fog is frequent.","A key component of the vertical biodiversity in Jeju's forest canopy, providing niche micro-habitats and resources for specialized arboreal insects.","The death of ancient host trees due to forest aging and pests, combined with the island's rising average temperatures and decreasing forest humidity, poses a severe threat to its survival.","[""orchid_masters""]",37.473033,126.920753
sedirea_japonica,≥™µµ«≥∂ı,Sedirea japonica,1,Special,"Prized for its elegant white flowers and powerful, sweet fragrance, this orchid is a cultural symbol of southern maritime beauty. Its thick, vibrant green leaves allow it to survive in harsh coastal winds.",https://storage.googleapis.com/ecogo-pjt.firebasestorage.app/plants/front/sedirea_japonica_front.png,https://storage.googleapis.com/ecogo-pjt.firebasestorage.app/plants/back/sedirea_japonica_back.png,Naturally found on the trunks of old trees or hanging from sea-facing cliffs on Jeju Island and the southern coastal islands. It relies on the humid sea fog and high maritime humidity to sustain its moisture needs.,Provides a significant nectar source for maritime pollinators and contributes to the unique genetic diversity of Korea's island flora.,Almost entirely extinct in the wild due to decades of mass illegal collection for the horticultural market. Habitat fragmentation along coastal development zones further prevents the natural re-establishment of populations.,"[""orchid_masters"", ""coastal_resilience""]",37.473412,126.920975
thrixspermum_japonicum,∫Ò¿⁄∂ı,Thrixspermum japonicum,1,Special,"A rare epiphytic orchid that blooms with delicate, fleeting yellowish flowers. It is a 'ghost-like' plant that is difficult to spot unless in bloom, hidden in the dense foliage of ancient forests.",https://storage.googleapis.com/ecogo-pjt.firebasestorage.app/plants/front/thrixspermum_japonicum_front.png,https://storage.googleapis.com/ecogo-pjt.firebasestorage.app/plants/back/thrixspermum_japonicum_back.png,"Found exclusively in the humid, shaded valleys of Jeju Island, particularly on the bark of ancient Torreya nucifera trees or other aged broadleaf species. It requires consistent air moisture and protection from direct sunlight.","Represents a unique evolutionary branch of epiphytic orchids in Korea and is an indicator species for ancient, undisturbed forest patches.",Highly localized distribution makes it extremely vulnerable to even minor environmental changes or the loss of specific host trees. Illegal collection remains a persistent threat despite its small size.,"[""orchid_masters""]",37.366798,127.106728
diapensia_lapponica_var._obovata,æœ∏≈,Diapensia lapponica var. obovata,1,Special,"Commonly known as the 'Rock Plum,' this is the world's smallest shrub. It forms dense, cushion-like mats on rocky mountain summits, blooming with pure white flowers that defy the harsh alpine wind.",https://storage.googleapis.com/ecogo-pjt.firebasestorage.app/plants/front/diapensia_lapponica_var._obovata_front.png,https://storage.googleapis.com/ecogo-pjt.firebasestorage.app/plants/back/diapensia_lapponica_var._obovata_back.png,"Restricted to the extreme alpine tundra zone of Mt. Halla's summit (above 1,800m). It grows in rocky crevices and gravelly soil where few other plants can survive, enduring sub-zero temperatures and high-velocity winds.",An 'Ice-Age Relict' that has survived for thousands of years since the last glacial period. It is a crucial species for studying the botanical history and glacial migrations of East Asia.,"Global warming is its greatest enemy; as the summit temperatures rise, more competitive temperate plants move up, squeezing the alpine habitat. Physical trampling by hikers and soil erosion also cause direct damage.","[""alpine_survivors""]",,
mankyua_chejuense,¡¶¡÷∞ÌªÁ∏ÆªÔ,Mankyua chejuense,1,Special,"A primitive fern found only on Jeju Island, often described as a 'living fossil.' It is a unique species that represents an independent evolutionary lineage within the fern family.",https://storage.googleapis.com/ecogo-pjt.firebasestorage.app/plants/front/mankyua_chejuense_front.png,https://storage.googleapis.com/ecogo-pjt.firebasestorage.app/plants/back/mankyua_chejuense_back.png,Grows in specific seasonal wetlands known as 'Gotjawal' on Jeju Island. It thrives in depressed areas where water collects during the rainy season and stays moist in the basaltic rock crevices during drier months.,"Invaluable for evolutionary biology and plant systematics research. It is a 'monotypic' genus, meaning it is the only species of its kind in the entire world, all located within a small area of Jeju.","The development of the Gotjawal forests for golf courses, roads, and agriculture is the primary cause of its habitat destruction. Changes in the local groundwater level also directly impact its seasonal wetland environment.","[""jeju_guardians"", ""wetland_wonders"", ""endemic_pride""]",,
cymbidium_lancifolium,¡◊πÈ∂ı,Cymbidium lancifolium,1,Special,"A terrestrial orchid with bamboo-like leaves and elegant, pale green flowers with reddish-brown spots. It is a quiet dweller of the forest floor, blending seamlessly with its surroundings.",https://storage.googleapis.com/ecogo-pjt.firebasestorage.app/plants/front/cymbidium_lancifolium_front.png,https://storage.googleapis.com/ecogo-pjt.firebasestorage.app/plants/back/cymbidium_lancifolium_back.png,"Found in the understory of evergreen broadleaf forests on Jeju Island. It prefers moist, shaded areas with thick leaf litter that provides the necessary organic nutrients and stable soil moisture.",Contributes to the complex soil-root interactions of Jeju's forests and serves as a nectar source for early-summer forest insects.,Illegal collection for its unique foliage and flowers is the main threat. Habitat loss due to the expansion of farmland and changes in forest composition also hinder its natural growth.,"[""mystic_orchids""]",,
gastrochilus_japonicus,≈Ω∂Û∂ı,Gastrochilus japonicus,1,Special,"Known as the Tamna Orchid, this small epiphyte produces clusters of bright yellowish-orange flowers. Its presence is a sign of a vibrant, healthy subtropical forest ecosystem.",https://storage.googleapis.com/ecogo-pjt.firebasestorage.app/plants/front/gastrochilus_japonicus_front.png,https://storage.googleapis.com/ecogo-pjt.firebasestorage.app/plants/back/gastrochilus_japonicus_back.png,"Endemic to the southern part of Jeju Island, where it grows on the bark of aged trees in valleys and evergreen forests. It requires high humidity and moderate temperatures throughout the year.",A flagship species for the conservation of Jeju's unique epiphytic flora and a provider of food for specialized pollinators in the valley ecosystems.,"Climate change and the resulting shifts in forest humidity are major long-term threats. Short-term, illegal collection remains a significant danger to the few remaining wild populations.","[""jeju_guardians"", ""mystic_orchids""]",,
cypripedium_guttatum,≈–∫π¡÷∏”¥œ∂ı,Cypripedium guttatum,1,Special,"A striking orchid featuring white flowers covered in vivid purple-brown spots. The entire plant is covered in fine, soft hairs, giving it a soft, velvety appearance.",https://storage.googleapis.com/ecogo-pjt.firebasestorage.app/plants/front/cypripedium_guttatum_front.png,https://storage.googleapis.com/ecogo-pjt.firebasestorage.app/plants/back/cypripedium_guttatum_back.png,"Found in high-altitude meadows and grassy slopes of the northern mountains, such as Mt. Seorak and Mt. Taebaek. It prefers cool temperatures and well-drained, nutrient-rich soil.","A beautiful and rare member of the high-altitude flora of the Baekdudaegan mountain range, supporting the specialized pollination networks of alpine meadows.","Extremely sensitive to temperature increases; as the alpine climate warms, its habitat is shrinking. Illegal collection for its high ornamental value further decimates the remaining populations.","[""mystic_orchids""]",,
wind_orchid,«≥∂ı,Neofinetia falcata,1,Special,"One of the most beloved orchids in East Asian culture, known for its pristine white flowers and long, elegant nectar spurs. Its leaves are thick and curved, designed to store water in maritime environments.",https://storage.googleapis.com/ecogo-pjt.firebasestorage.app/plants/front/wind_orchid_front.png,https://storage.googleapis.com/ecogo-pjt.firebasestorage.app/plants/back/wind_orchid_back.png,Naturally clings to maritime cliffs and old trees on Jeju Island and the southern coast. It survives by absorbing moisture from sea fog and rain through its specialized aerial roots.,"A key species in the maritime ecosystem, adapted to survive where few other vascular plants can. It is a historical and genetic treasure of Korea.","Nearly vanished from the wild due to centuries of collection for its fragrance and beauty. Current wild populations are incredibly rare and require strict, direct protection from poaching.","[""orchid_masters"", ""coastal_resilience""]",,
leontopodium_coreanum_var._hallaisanense,«—∂Ûºÿ¥Ÿ∏Æ,Leontopodium coreanum var. hallaisanense,1,Special,"The Jeju variant of the Edelweiss, this plant is covered in white, woolly hairs to protect itself from intense alpine UV rays and cold. Its star-shaped bracts make it a legendary sight of Mt. Halla.",https://storage.googleapis.com/ecogo-pjt.firebasestorage.app/plants/front/leontopodium_coreanum_var._hallaisanense_front.png,https://storage.googleapis.com/ecogo-pjt.firebasestorage.app/plants/back/leontopodium_coreanum_var._hallaisanense_back.png,"Strictly endemic to the rocky outcrops and high-altitude meadows of Mt. Halla, Jeju (above 1,500m). It grows in windy, exposed areas where it can receive maximum sunlight.",A flagship species for the conservation of Mt. Halla's high-altitude ecosystem and a testament to the unique botanical evolution of Jeju Island.,Rising alpine temperatures are allowing more aggressive plants to invade its territory. Physical damage from hikers who stray from designated trails is also a major concern.,"[""alpine_survivors"", ""endemic_pride""]",,
cymbidium_kanran,«—∂ı,Cymbidium kanran,1,Special,"Recognized as a Natural Monument of Korea, the Winter-blooming Orchid is famous for its cold-defying spirit and noble, upright flowers. It is the pinnacle of East Asian orchid aesthetics.",https://storage.googleapis.com/ecogo-pjt.firebasestorage.app/plants/front/cymbidium_kanran_front.png,https://storage.googleapis.com/ecogo-pjt.firebasestorage.app/plants/back/cymbidium_kanran_back.png,"Located in Seogwipo, Jeju Island, within deep, shaded valleys of evergreen broadleaf forests. It prefers moist, well-drained slopes between 200m and 300m above sea level.","A cultural and natural icon of Jeju Island. It plays a significant role in the winter pollination cycle, being one of the few plants to bloom in the cold season.","Despite its status as a Natural Monument, illegal poaching remains the greatest threat. Habitat loss due to forest management changes and land development also poses a risk.","[""jeju_guardians"", ""mystic_orchids""]",,
hyacinth_bean_flower,∏∏≥‚ƒ·,Euchresta japonica,1,Special,"A rare, woody bean plant that produces small, elegant white flowers. It is the only species in its genus found in Korea, making it a botanical mystery and a high-value conservation target.",https://storage.googleapis.com/ecogo-pjt.firebasestorage.app/plants/front/hyacinth_bean_flower_front.png,https://storage.googleapis.com/ecogo-pjt.firebasestorage.app/plants/back/hyacinth_bean_flower_back.png,"Restricted to a single, highly localized valley on Jeju Island. It grows in the damp, shaded understory of evergreen forests, often near stream beds.","Represents the northernmost limit of its genus, making it essential for research on plant migration and climate-related evolution in East Asia.","Extreme rarity (less than 100 individuals in the wild) means any local disturbance?like a storm, landslide, or illegal harvest?could lead to immediate extinction.","[""jeju_guardians""]",,
han-gye-ryeong_pul,«—∞Ë∑…«Æ,Gymnospermium microrrhynchum,2,Rare,"An ephemeral herb that blooms with bright yellow flowers in early spring, right after the snow melts. It completes its entire life cycle in a short few weeks before the forest canopy closes.",https://storage.googleapis.com/ecogo-pjt.firebasestorage.app/plants/front/han-gye-ryeong_pul_front.png,https://storage.googleapis.com/ecogo-pjt.firebasestorage.app/plants/back/han-gye-ryeong_pul_back.png,"High mountain ridges of Gangwon-do (Mt. Seorak, Mt. Odae) at altitudes above 1,000m. It grows in moist, organic-rich soil under deciduous forests.",A vital early-season food source for pollinators that emerge in early spring. It is a sensitive indicator of climate-induced changes in snowmelt and spring temperatures.,"Vulnerable to climate change; if spring arrives too early or snowmelt is inconsistent, its growth cycle is disrupted. Illegal collection by wild plant enthusiasts is also a major threat.","[""alpine_survivors"", ""mountain_guardians""]",,
korean_bellflower,±ð∞≠√ ∑’≤…,Hanabusaya asiatica,2,Rare,"Known as the Diamond Bluebell, this plant produces stunning violet, bell-shaped flowers that hang gracefully from its stems. It is a proud endemic species that only grows on the Korean Peninsula.",https://storage.googleapis.com/ecogo-pjt.firebasestorage.app/plants/front/korean_bellflower_front.png,https://storage.googleapis.com/ecogo-pjt.firebasestorage.app/plants/back/korean_bellflower_back.png,"Found on cool, north-facing slopes of high mountains in central and eastern Korea (Mt. Geumgang, Mt. Seorak). It prefers altitudes between 580m and 1,400m in moist, loamy soil.","A 'monotypic' genus endemic to Korea, making it a critical genetic resource. It supports local bee populations who are the primary pollinators of its bell-shaped flowers.",Habitat destruction due to the construction of mountain facilities and trails. Climate change is also pushing its cool-climate habitat further up the mountains.,"[""endemic_pride"", ""mountain_guardians""]",,
winged_lily,≥Ø∞≥«œ¥√≥™∏Æ,Lilium dauricum,2,Rare,"A majestic lily with upward-facing, vibrant orange-red flowers covered in dark spots. Its name comes from the wing-like ridges on its stems, and it stands as a fiery symbol of alpine meadows.",https://storage.googleapis.com/ecogo-pjt.firebasestorage.app/plants/front/winged_lily_front.png,https://storage.googleapis.com/ecogo-pjt.firebasestorage.app/plants/back/winged_lily_back.png,"Grows in sunny, high-altitude alpine meadows and grassy slopes of northern mountain ranges. It prefers well-drained soil and high-light environments.",A major nectar source for high-altitude butterflies and a key species for the biodiversity of subalpine grasslands.,Illegal collection for its beautiful flowers is the primary threat. Over-grazing by wild animals and habitat loss from trail development also contribute to its decline.,"[""mountain_guardians""]",,
baekyang_broomrape,πÈæÁ¥ı∫ŒªÏ¿Ã,Orobanche filicicola,2,Rare,A fascinating parasitic plant that lacks chlorophyll and lives entirely off the nutrients of its host. It produces spikes of pale purple flowers that emerge from the soil like ghostly fingers.,https://storage.googleapis.com/ecogo-pjt.firebasestorage.app/plants/front/baekyang_broomrape_front.png,https://storage.googleapis.com/ecogo-pjt.firebasestorage.app/plants/back/baekyang_broomrape_back.png,"Endemic to Korea, found near riverbanks and sandy gravel areas. It is specifically parasitic on the roots of Artemisia (Wormwood) species in regions like Mt. Baegyang and Jeju Island.",Represents a unique parasitic relationship within the Korean flora. Its presence indicates a stable and specific host-parasite ecosystem.,Habitat loss from riverbank development and the removal of its host plants (Artemisia) are the biggest dangers. Its specialized lifestyle makes it impossible to relocate once its habitat is disturbed.,"[""mountain_guardians""]",,
korean_edelweiss,ø÷ºÿ¥Ÿ∏Æ,Leontopodium coreanum,2,Rare,"The true Korean Edelweiss, this plant is famous for its fuzzy, star-shaped flowers that look like they are made of white felt. It is a symbol of courage and purity in Korean mountain culture.",https://storage.googleapis.com/ecogo-pjt.firebasestorage.app/plants/front/korean_edelweiss_front.png,https://storage.googleapis.com/ecogo-pjt.firebasestorage.app/plants/back/korean_edelweiss_back.png,"Found on rocky cliffs and sunny, high-altitude slopes of mountains like Mt. Seorak and Mt. Odae. It is well-adapted to harsh winds and intense sunlight.",A flagship species for alpine conservation. Its woolly hairs are an incredible adaptation for temperature regulation and UV protection.,Illegal collection by hikers as souvenirs has historically devastated many populations. Habitat encroachment by shrubs and other plants due to climate change is a growing concern.,"[""alpine_survivors"", ""mountain_guardians""]",,
daecheong_iris,¥Î√ª∫Œ√§,Iris dichotoma,2,Rare,A unique iris that blooms in the late afternoon and withers by morning. Its fan-like leaves and pale violet flowers make it a mysterious beauty of the western islands.,https://storage.googleapis.com/ecogo-pjt.firebasestorage.app/plants/front/daecheong_iris_front.png,https://storage.googleapis.com/ecogo-pjt.firebasestorage.app/plants/back/daecheong_iris_back.png,"Strictly limited to the sunny, fertile coastal slopes of Daecheong and Baengnyeong Islands. It thrives in open, windy areas near the sea.",An 'Evening Bloomer' that has a specific relationship with nocturnal or crepuscular pollinators. Its narrow distribution makes it a high-priority maritime conservation species.,"Habitat destruction for military and coastal facilities. Additionally, over-grazing by livestock on the islands and its own specialized reproductive cycle make it vulnerable.","[""iris_collectors"", ""coastal_resilience""]",,
euryale_ferox,∞°Ω√ø¨≤…,Euryale ferox,2,Rare,"The 'Prickly Water Lily' is a giant aquatic plant with leaves that can grow up to 2 meters wide, entirely covered in sharp thorns. Its mysterious purple flowers emerge from the water like a dragon's eye.",https://storage.googleapis.com/ecogo-pjt.firebasestorage.app/plants/front/euryale_ferox_front.png,https://storage.googleapis.com/ecogo-pjt.firebasestorage.app/plants/back/euryale_ferox_back.png,"Grows in old, stagnant ponds and wetlands in southern Korea (e.g., Upo Wetland). It requires deep, nutrient-rich mud and stable water levels for its massive leaves to expand.","The largest freshwater plant in Korea. It provides essential habitat and shade for various aquatic insects, fish, and water birds.",The primary threat is wetland drainage and the transformation of old ponds into agricultural or industrial land. Water pollution also prevents its sensitive seeds from germinating.,"[""wetland_wonders""]",,
yellow-patterned_iris,≥Î∂˚π´¥Ã ∫◊≤…,Iris odaesanensis,2,Rare,"A beautiful iris featuring white petals with a distinct, bright yellow pattern at the center. It is an endemic species that adds a splash of color to the spring forest floor.",https://storage.googleapis.com/ecogo-pjt.firebasestorage.app/plants/front/yellow-patterned_iris_front.png,https://storage.googleapis.com/ecogo-pjt.firebasestorage.app/plants/back/yellow-patterned_iris_back.png,"Found in the understory of deciduous forests and shaded forest edges in central and eastern Korea, most famously on Mt. Odae. It prefers moist, loamy soil at altitudes between 300m and 1,500m.",An endemic species that contributes to the floral diversity of the Baekdudaegan mountain range and supports spring pollination networks.,Illegal harvesting for home gardens and habitat loss from mountain trail widening and forest development projects.,"[""iris_collectors""]",,
aster_scaber,¥ÐæÁæ¶∫Œ¿Ô¿Ã,Aster altaicus var. uchiyamae,2,Rare,"A localized variant of the Aster, this plant produces elegant pale purple flowers. It is a resilient survivor that thrives on the rocky limestone banks of the Namhan River.",https://storage.googleapis.com/ecogo-pjt.firebasestorage.app/plants/front/aster_scaber_front.png,https://storage.googleapis.com/ecogo-pjt.firebasestorage.app/plants/back/aster_scaber_back.png,Restricted to the rocky limestone riverbanks and gravel bars of the Namhan River in Danyang and Yeongwol. It is adapted to survive seasonal flooding and poor soil conditions.,A specialized limestone-habitat plant that helps stabilize riverbank soil and provides resources for river-valley insects.,Habitat destruction due to river development projects (like dam and weir construction) and the invasion of exotic plants like Humulus japonicus that smother its growth.,"[""autumn_melancholy""]",,
jeibidonga_flower,¡¶∫Òµø¿⁄≤…,Lychnis wilfordii,2,Rare,"A stunning wildflower with deep scarlet, fringed petals that resemble the wings of a swallow. It is a rare gem of the highland wetlands, glowing like fire amidst the green grass.",https://storage.googleapis.com/ecogo-pjt.firebasestorage.app/plants/front/jeibidonga_flower_front.png,https://storage.googleapis.com/ecogo-pjt.firebasestorage.app/plants/back/jeibidonga_flower_back.png,Grows in high-altitude wetlands and moist meadows in Gangwon-do. It requires consistently wet soil and full sunlight to produce its vibrant red blooms.,An indicator species for the health of highland wetlands. It provides a unique nectar source for specialized highland butterflies.,Wetland drying due to climate change and agricultural runoff. It is also a target for illegal collection because of its uniquely beautiful and rare red flowers.,"[""wetland_wonders""]",,
gaksi_iris,∞¢Ω√∫◊≤…,Iris rossii,2,Rare,"A dwarf iris known for its deep violet flowers that bloom close to the ground. Its name 'Gaksi' (meaning 'bride') reflects its small, modest, and traditional beauty.",https://storage.googleapis.com/ecogo-pjt.firebasestorage.app/plants/front/gaksi_iris_front.png,https://storage.googleapis.com/ecogo-pjt.firebasestorage.app/plants/back/gaksi_iris_back.png,"Found in sunny forest edges and grassy slopes throughout the country. It prefers well-drained soil and moderate sunlight, often appearing in early spring.",Adds to the genetic and aesthetic diversity of Korea's spring flora and supports early-season pollinators.,"Though more widely distributed than some, its habitats are frequently cleared for development. It is also often dug up for use in rock gardens.","[""iris_collectors""]",,
white_forsythia,πÃº±≥™π´,Abeliophyllum distichum,2,Rare,"Often called the 'White Forsythia,' this is a world-class rare plant. It is a monotypic genus, meaning this is the only species of its kind in the world, and it is native only to Korea.",https://storage.googleapis.com/ecogo-pjt.firebasestorage.app/plants/front/white_forsythia_front.png,https://storage.googleapis.com/ecogo-pjt.firebasestorage.app/plants/back/white_forsythia_back.png,"Grows on rocky, limestone-rich slopes in specific regions like Goesan and Yeongdong. It prefers areas with good drainage and plenty of spring sunlight.","A botanical treasure of global importance. It is one of the first plants to bloom in spring, providing critical early nectar for bees.","Naturally small and fragmented populations. Historically, it was heavily poached for its uniqueness, and current populations are threatened by habitat changes and invasive species.","[""endemic_pride""]",,
rose,¿ÂπÃ,Rosa hybrida,3,Normal,"The world's most famous flower, symbolizing love and beauty. In EcoGo, it represents the potential for every person to cultivate a beautiful green space.",https://storage.googleapis.com/ecogo-pjt.firebasestorage.app/plants/front/rose_front.png,https://storage.googleapis.com/ecogo-pjt.firebasestorage.app/plants/back/rose_back.png,"Grows in a wide variety of environments, but prefers sunny areas with well-drained, fertile soil. It is a staple in urban gardens and parks worldwide.",Supports urban biodiversity by providing nectar for a wide range of bees and butterflies. It also improves air quality in city environments.,"Commonly affected by fungal diseases like black spot and pests like aphids. While not endangered, wild species of roses require protection from habitat loss.","[""classic_garden""]",,
tulip,∆´∏≥,Tulipa gesneriana,3,Normal,A spring-blooming bulb known for its vibrant colors and cup-shaped flowers. It is a symbol of perfect love and the joy of a new season.,https://storage.googleapis.com/ecogo-pjt.firebasestorage.app/plants/front/tulip_front.png,https://storage.googleapis.com/ecogo-pjt.firebasestorage.app/plants/back/tulip_back.png,Thrives in sunny spots with well-drained soil. They are widely planted in temperate regions during the autumn for a spring display.,"An early-season nectar source for bees emerging from winter. They enhance the aesthetic value of urban green spaces, boosting human well-being.",Mainly affected by bulb rot and squirrels who may dig them up. They require careful water management to prevent fungal growth.,"[""classic_garden""]",,
sunflower,«ÿπŸ∂Û±‚,Helianthus annuus,3,Normal,"A towering plant known for its massive yellow flower heads that follow the sun. It is a symbol of loyalty, longevity, and positive energy.",https://storage.googleapis.com/ecogo-pjt.firebasestorage.app/plants/front/sunflower_front.png,https://storage.googleapis.com/ecogo-pjt.firebasestorage.app/plants/back/sunflower_back.png,"Requires full sun and deep, fertile soil to support its height. It is highly adaptable and can grow in various fields and gardens.","A powerhouse for pollinators, attracting numerous bees and birds. Its seeds provide a high-energy food source for wildlife during the winter.","Vulnerable to high winds due to its height. While common, they can be affected by drought and specific pests like the sunflower moth.","[""classic_garden"", ""sun_kissed""]",,
chrysanthemum,±π»≠,Chrysanthemum morifolium,3,Normal,"An autumn favorite, known for its incredible variety of shapes and colors. It represents longevity and is deeply rooted in East Asian culture.",https://storage.googleapis.com/ecogo-pjt.firebasestorage.app/plants/front/chrysanthemum_front.png,https://storage.googleapis.com/ecogo-pjt.firebasestorage.app/plants/back/chrysanthemum_back.png,"Prefers full sun and rich, moist soil. They are hardy plants that bloom when most other flowers have faded for the year.",Provides a crucial late-season food source for pollinators before they hibernate. They are also known for their air-purifying properties.,Sensitive to waterlogged soil which can cause root rot. They are generally resilient but can be targeted by spider mites and aphids.,"[""autumn_melancholy""]",,
lily,πÈ«’,Lilium longiflorum,3,Normal,A flower of pure white beauty and intense fragrance. It is often used in ceremonies and represents rebirth and purity.,https://storage.googleapis.com/ecogo-pjt.firebasestorage.app/plants/front/lily_front.png,https://storage.googleapis.com/ecogo-pjt.firebasestorage.app/plants/back/lily_back.png,Grows best in sunny or partially shaded spots with 'cool feet' (shaded roots). They require well-drained soil to prevent bulb damage.,Attracts nocturnal pollinators with its strong evening fragrance. They are a significant part of the floral ecosystem in both wild and cultivated settings.,Highly toxic to cats and can be damaged by lily beetles. They require protection from extreme moisture during their dormant period.,"[""classic_garden"", ""elegant_scent""]",,
carnation,ƒ´≥◊¿Ãº«,Dianthus caryophyllus,3,Normal,"Known for its ruffled petals and spicy fragrance, the carnation is a symbol of gratitude and affection, especially on Mother's Day.",https://storage.googleapis.com/ecogo-pjt.firebasestorage.app/plants/front/carnation_front.png,https://storage.googleapis.com/ecogo-pjt.firebasestorage.app/plants/back/carnation_back.png,"Prefers cool climates and well-drained, slightly alkaline soil. They are popular in greenhouses and home gardens.",Provides nectar for various butterflies and adds to the structural diversity of garden flower beds.,"Can be affected by wilt and rust diseases. While common, they require consistent attention to soil pH and water levels.","[""classic_garden""]",,
cherry_blossom,_≤…,Prunus serrulata,3,Normal,"The ephemeral symbol of spring, blooming in clouds of pink and white. It represents the fleeting nature of life and the beauty of a fresh start.",https://storage.googleapis.com/ecogo-pjt.firebasestorage.app/plants/front/cherry_blossom_front.png,https://storage.googleapis.com/ecogo-pjt.firebasestorage.app/plants/back/cherry_blossom_back.png,"Grows in temperate climates, often planted along streets and in parks. They prefer sunny spots and well-drained, rich soil.",A critical spring food source for thousands of bees and insects. They also provide nesting sites for birds in urban areas.,Vulnerable to various wood-boring insects and fungal diseases. Urban trees also face stress from pollution and soil compaction.,"[""urban_spring""]",,
forsythia,∞≥≥™∏Æ,Forsythia koreana,3,Normal,"One of the first signs of spring in Korea, this shrub produces bright yellow, bell-shaped flowers that cover its long, arching branches.",https://storage.googleapis.com/ecogo-pjt.firebasestorage.app/plants/front/forsythia_front.png,https://storage.googleapis.com/ecogo-pjt.firebasestorage.app/plants/back/forsythia_back.png,"Highly resilient and grows in most soils, provided they are not too wet. It is a common sight in gardens, hillsides, and city streets.",An essential early nectar source. Its dense growth provides excellent cover and nesting habitat for small songbirds.,"Very few natural threats due to its hardiness, but it can be affected by leaf spot or gall if not properly pruned and cared for.","[""urban_spring""]",,
azalea,¡¯¥Þ∑°,Rhododendron mucronulatum,3,Normal,"A beloved flower of the Korean mountains, blooming in shades of purple and pink before its leaves appear. It is a symbol of nostalgic spring days.",https://storage.googleapis.com/ecogo-pjt.firebasestorage.app/plants/front/azalea_front.png,https://storage.googleapis.com/ecogo-pjt.firebasestorage.app/plants/back/azalea_back.png,Grows on sunny or partially shaded mountain slopes and hillsides across the peninsula. It prefers acidic soil and moderate moisture.,"A core species of the Korean forest understory, providing food for early insects and contributing to the seasonal rhythm of the ecosystem.",Habitat loss due to mountain development and the encroachment of larger trees that shade them out. They are also sensitive to extreme drought.,"[""urban_spring""]",,
daffodill,ºˆº±»≠,Narcissus pseudonarcissus,3,Normal,A bright yellow or white spring flower with a central trumpet. It symbolizes rebirth and is a herald of the end of winter.,https://storage.googleapis.com/ecogo-pjt.firebasestorage.app/plants/front/daffodill_front.png,https://storage.googleapis.com/ecogo-pjt.firebasestorage.app/plants/back/daffodill_back.png,Grows from bulbs in sunny or lightly shaded meadows and gardens. They are very hardy and often return year after year.,"One of the earliest sources of pollen for bees. Their toxic alkaloids prevent them from being eaten by deer and rabbits, allowing them to thrive in the wild.","Bulb rot from overly wet soil and the 'narcissus bulb fly.' While not endangered, they require proper drainage to survive the dormant season.","[""sun_kissed""]",,
hyacinth,»˜æ∆Ω≈Ω∫,Hyacinthus orientalis,3,Normal,"Known for its dense spikes of fragrant, bell-shaped flowers. It comes in a wide range of colors and is a popular choice for spring indoor and outdoor gardens.",https://storage.googleapis.com/ecogo-pjt.firebasestorage.app/plants/front/hyacinth_front.png,https://storage.googleapis.com/ecogo-pjt.firebasestorage.app/plants/back/hyacinth_back.png,"Prefers sunny locations with fertile, well-drained soil. They are typically planted as bulbs in the autumn.",Attracts early spring bees with its strong fragrance. They provide a high-density nectar source in a small area.,The bulbs are sensitive to rot and can be damaged by excessive frost if not buried deep enough. They also decline in vigor over several years.,"[""elegant_scent""]",,
pansy,∆“¡ˆ,Viola tricolor hortensis,3,Normal,"A charming flower with 'face-like' patterns on its petals. It is incredibly hardy and can even survive a light frost, making it a garden favorite.",https://storage.googleapis.com/ecogo-pjt.firebasestorage.app/plants/front/pansy_front.png,https://storage.googleapis.com/ecogo-pjt.firebasestorage.app/plants/back/pansy_back.png,Thrives in cool weather and partial sun. They are often planted in early spring or autumn to avoid the intense summer heat.,Provides a food source for caterpillars of certain fritillary butterflies. They are excellent for pollinators in the shoulder seasons.,"Slugs and snails are their primary enemies. They also struggle in high summer temperatures, often wilting or going dormant.","[""sun_kissed""]",,
petunia,∆‰∆©¥œæ∆,Petunia hybrida,3,Normal,A popular summer flower known for its trumpet-shaped blooms and endless color combinations. It is a staple of hanging baskets and window boxes.,https://storage.googleapis.com/ecogo-pjt.firebasestorage.app/plants/front/petunia_front.png,https://storage.googleapis.com/ecogo-pjt.firebasestorage.app/plants/back/petunia_back.png,Requires full sun and consistent moisture. They are versatile and can grow in containers or as ground cover in gardens.,Attracts hummingbirds and long-tongued moths with their tubular flowers. They provide a long-lasting nectar source throughout the summer.,Susceptible to various viruses and pests like aphids. They can also become 'leggy' and stop blooming if not regularly deadheaded.,"[""summer_memories""]",,
begonia,∫£∞Ì¥œæ∆,Begonia semperflorens,3,Normal,"Known for its waxy leaves and constant blooms, the begonia is a reliable and easy-to-grow plant for both shade and sun.",https://storage.googleapis.com/ecogo-pjt.firebasestorage.app/plants/front/begonia_front.png,https://storage.googleapis.com/ecogo-pjt.firebasestorage.app/plants/back/begonia_back.png,"Depends on the variety, but many prefer partial shade and moist, well-drained soil. They are often used as bedding plants in urban landscapes.","Provides a consistent, albeit low-level, nectar source for pollinators in shaded areas where fewer other flowers may grow.",Very sensitive to frost and can be affected by powdery mildew if there is poor air circulation.,"[""summer_memories""]",,
calendula,±ð¿Ð»≠,Calendula officinalis,3,Normal,"Also known as the Pot Marigold, it features bright orange or yellow flowers and is often used in traditional medicines and balms.",https://storage.googleapis.com/ecogo-pjt.firebasestorage.app/plants/front/calendula_front.png,https://storage.googleapis.com/ecogo-pjt.firebasestorage.app/plants/back/calendula_back.png,Grows easily in sunny spots with average soil. It is a hardy annual that often self-seeds and returns the following year.,"A fantastic plant for beneficial insects like ladybugs and lacewings, helping with natural pest control in gardens.","Generally pest-free, but can be affected by powdery mildew in humid weather. It is not endangered but its wild ancestors require protection.","[""sun_kissed""]",,
lavender,∂Û∫•¥ı,Lavandula angustifolia,3,Normal,Famous for its soothing scent and purple flower spikes. It is a Mediterranean native that has become a global symbol of relaxation and healing.,https://storage.googleapis.com/ecogo-pjt.firebasestorage.app/plants/front/lavender_front.png,https://storage.googleapis.com/ecogo-pjt.firebasestorage.app/plants/back/lavender_back.png,"Needs full sun and very well-drained, somewhat poor soil. It is highly drought-tolerant once established.","A top-tier pollinator plant, attracting an incredible variety of bees and butterflies. Its fragrance also helps repel unwanted garden pests.",Root rot from overly wet soil is the biggest killer of lavender. It also requires regular pruning to prevent it from becoming woody.,"[""elegant_scent""]",,
freesia,«¡∏Æ¡ˆæ∆,Freesia x hybrida,3,Normal,"Known for its delicate, trumpet-shaped flowers that line one side of the stem and its sweet, peppery fragrance.",https://storage.googleapis.com/ecogo-pjt.firebasestorage.app/plants/front/freesia_front.png,https://storage.googleapis.com/ecogo-pjt.firebasestorage.app/plants/back/freesia_back.png,Prefers sunny locations with well-drained soil. They are often grown as winter or spring bulbs in mild climates.,The strong scent is highly attractive to bees and other pollinators. They contribute to the aromatic diversity of spring gardens.,"Sensitive to extreme cold and requires careful watering. Like most bulbs, they can suffer from rot if kept in soggy conditions.","[""elegant_scent""]",,
babys_breath,æ»∞≥≤…,Gypsophila paniculata,3,Normal,A cloud-like plant with thousands of tiny white flowers. It is the perfect filler in bouquets and symbolizes everlasting love and innocence.,https://storage.googleapis.com/ecogo-pjt.firebasestorage.app/plants/front/babys_breath_front.png,https://storage.googleapis.com/ecogo-pjt.firebasestorage.app/plants/back/babys_breath_back.png,"Prefers full sun and alkaline, well-drained soil. It is a hardy perennial that can grow quite large in the right conditions.",Provides a massive amount of small-scale nectar for tiny pollinators like wasps and small bees that other flowers may not cater to.,"In some regions, it can become invasive if not managed. In the garden, it is relatively pest-free but needs space for air circulation.","[""summer_memories""]",,
dasisy,µ•¿Ã¡ˆ,Bellis perennis,3,Normal,"The quintessential simple flower, with a yellow center and white petals. It symbolizes innocence, purity, and a loyal love.",https://storage.googleapis.com/ecogo-pjt.firebasestorage.app/plants/front/dasisy_front.png,https://storage.googleapis.com/ecogo-pjt.firebasestorage.app/plants/back/dasisy_back.png,"Grows in lawns, meadows, and gardens. It is highly adaptable and can survive in most temperate environments with moderate sun.",Provides a steady nectar source for bees and small insects. Its flat shape makes it an easy landing platform for many pollinators.,"Often treated as a weed in formal lawns and targeted by herbicides. While very common, their wild populations are declining in some areas.","[""summer_memories""]",,
dandelion,πŒµÈ∑π,Taraxacum officinale,3,Normal,"Though often seen as a weed, the dandelion is a vital survival plant. Its bright yellow flowers and 'blowball' seeds are a classic part of any childhood.",https://storage.googleapis.com/ecogo-pjt.firebasestorage.app/plants/front/dandelion_front.png,https://storage.googleapis.com/ecogo-pjt.firebasestorage.app/plants/back/dandelion_back.png,"Extremely hardy and can grow almost anywhere, from cracks in the sidewalk to open fields. It prefers sunny spots but is not picky about soil.",A critical first food for bees in the early spring when nothing else is blooming. Its deep taproots also help aerate the soil and pull up nutrients.,"The main threat is the widespread use of herbicides in urban and suburban areas. Without dandelions, many pollinators would struggle in early spring.","[""urban_spring""]",,
cosmos,ƒ⁄Ω∫∏Ω∫,Cosmos bipinnatus,3,Normal,"An autumn favorite with feathery foliage and daisy-like flowers. It symbolizes order and peace, swaying gracefully in the autumn breeze.",https://storage.googleapis.com/ecogo-pjt.firebasestorage.app/plants/front/cosmos_front.png,https://storage.googleapis.com/ecogo-pjt.firebasestorage.app/plants/back/cosmos_back.png,"Grows easily in sunny spots with average soil. They are often planted in large fields to create a sea of pink, white, and purple in the autumn.","A fantastic plant for attracting butterflies, especially during their autumn migration. They are also popular with bees and lacewings.","Generally very healthy, but can be affected by powdery mildew if planted too densely. They are not endangered and are widely cultivated.","[""autumn_melancholy""]",,